Gemnr;Gemeente;Aantal;BevAant;Aantal per 100.000 inwoners
-2;peildatum 22 maart 14:00;;;
-1;* Bij 55 personen is de woonplaats niet van bekend;99;;
518;'s-Gravenhage;47;537833;8.7
796;'s-Hertogenbosch;55;154205;35.7
1680;Aa en Hunze;1;25386;3.9
358;Aalsmeer;7;31728;22.1
197;Aalten;1;27011;3.7
59;Achtkarspelen;0;27852;0
482;Alblasserdam;4;20069;19.9
613;Albrandswaard;12;25271;47.5
361;Alkmaar;15;108558;13.8
141;Almelo;5;72849;6.9
34;Almere;14;207904;6.7
484;Alphen aan den Rijn;17;110986;15.3
1723;Alphen-Chaam;9;10149;88.7
1959;Altena;23;55386;41.5
60;Ameland;0;3673;0
307;Amersfoort;37;156286;23.7
362;Amstelveen;27;90838;29.7
363;Amsterdam;188;862965;21.8
200;Apeldoorn;17;162445;10.5
3;Appingedam;0;11721;0
202;Arnhem;16;159265;10
106;Assen;2;67963;2.9
743;Asten;5;16710;29.9
744;Baarle-Nassau;1;6847;14.6
308;Baarn;1;24767;4
489;Barendrecht;10;48673;20.5
203;Barneveld;9;57971;15.5
888;Beek;5;15929;31.4
1954;Beekdaelen;19;35727;53.2
370;Beemster;0;9748;0
889;Beesel;5;13519;37
1945;Berg en Dal;30;34798;86.2
1724;Bergeijk;1;18491;5.4
893;Bergen (L);1;13140;7.6
373;Bergen (NH);8;29974;26.7
748;Bergen op Zoom;10;66811;15
1859;Berkelland;1;43904;2.3
1721;Bernheze;57;30806;185
753;Best;14;29821;46.9
209;Beuningen;11;25882;42.5
375;Beverwijk;7;41176;17
1728;Bladel;11;20175;54.5
376;Blaricum;4;11202;35.7
377;Bloemendaal;8;23410;34.2
1901;Bodegraven-Reeuwijk;5;34462;14.5
755;Boekel;37;10588;349.5
1681;Borger-Odoorn;0;25372;0
147;Borne;5;23210;21.5
654;Borsele;3;22800;13.2
756;Boxmeer;7;29065;24.1
757;Boxtel;12;30747;39
758;Breda;140;183873;76.1
501;Brielle;1;17182;5.8
1876;Bronckhorst;6;36212;16.6
213;Brummen;1;20698;4.8
899;Brunssum;6;28103;21.4
312;Bunnik;3;15192;19.7
313;Bunschoten;0;21576;0
214;Buren;5;26568;18.8
502;Capelle aan den IJssel;7;66818;10.5
383;Castricum;8;35772;22.4
109;Coevorden;14;35483;39.5
1706;Cranendonck;13;20440;63.6
1684;Cuijk;4;24931;16
216;Culemborg;5;28555;17.5
148;Dalfsen;8;28499;28.1
1891;Dantumadiel;0;18923;0
310;De Bilt;20;42824;46.7
1940;De Fryske Marren;8;51430;15.6
736;De Ronde Venen;4;44059;9.1
1690;De Wolden;3;24110;12.4
503;Delft;12;103163;11.6
10;Delfzijl;0;24716;0
400;Den Helder;3;55604;5.4
762;Deurne;22;32362;68
150;Deventer;16;99957;16
384;Diemen;4;29196;13.7
1774;Dinkelland;14;26350;53.1
221;Doesburg;4;11148;35.9
222;Doetinchem;5;57555;8.7
766;Dongen;2;26051;7.7
505;Dordrecht;13;118654;11
498;Drechterland;2;19597;10.2
1719;Drimmelen;14;27150;51.6
303;Dronten;10;40815;24.5
225;Druten;5;18797;26.6
226;Duiven;2;25332;7.9
1711;Echt-Susteren;12;31638;37.9
385;Edam-Volendam;5;36099;13.9
228;Ede;16;115710;13.8
317;Eemnes;1;9113;11
770;Eersel;9;19110;47.1
1903;Eijsden-Margraten;6;25658;23.4
772;Eindhoven;46;231642;19.9
230;Elburg;3;23086;13
114;Emmen;4;107113;3.7
388;Enkhuizen;7;18507;37.8
153;Enschede;18;158986;11.3
232;Epe;8;33145;24.1
233;Ermelo;13;26858;48.4
777;Etten-Leur;20;43774;45.7
779;Geertruidenberg;8;21515;37.2
1771;Geldrop-Mierlo;6;39595;15.2
1652;Gemert-Bakel;50;30447;164.2
907;Gennep;7;17071;41
784;Gilze en Rijen;12;26431;45.4
1924;Goeree-Overflakkee;25;49611;50.4
664;Goes;3;37653;8
785;Goirle;13;23793;54.6
1942;Gooise Meren;11;57715;19.1
512;Gorinchem;2;36682;5.5
513;Gouda;15;73181;20.5
786;Grave;10;12483;80.1
14;Groningen;46;231299;19.9
1729;Gulpen-Wittem;2;14246;14
158;Haaksbergen;3;24277;12.4
788;Haaren;12;14195;84.5
392;Haarlem;27;161265;16.7
394;Haarlemmermeer;16;154235;10.4
1655;Halderberge;7;30194;23.2
160;Hardenberg;3;60574;5
243;Harderwijk;6;47581;12.6
523;Hardinxveld-Giessendam;6;18051;33.2
72;Harlingen;3;15758;19
244;Hattem;1;12173;8.2
396;Heemskerk;5;39164;12.8
397;Heemstede;11;27286;40.3
246;Heerde;9;18546;48.5
74;Heerenveen;2;50257;4
398;Heerhugowaard;8;56742;14.1
917;Heerlen;24;86832;27.6
1658;Heeze-Leende;7;15964;43.8
399;Heiloo;6;23464;25.6
163;Hellendoorn;4;35808;11.2
530;Hellevoetsluis;4;40049;10
794;Helmond;38;91524;41.5
531;Hendrik-Ido-Ambacht;1;30966;3.2
164;Hengelo (O);15;80683;18.6
1966;Het Hogeland;0;47888;0
252;Heumen;7;16486;42.5
797;Heusden;15;44135;34
534;Hillegom;2;21966;9.1
798;Hilvarenbeek;6;15334;39.1
402;Hilversum;7;90238;7.8
1963;Hoeksche Waard;21;86656;24.2
1735;Hof van Twente;5;34940;14.3
1911;Hollands Kroon;7;47815;14.6
118;Hoogeveen;5;55662;9
405;Hoorn;9;73004;12.3
1507;Horst aan de Maas;13;42291;30.7
321;Houten;23;49911;46.1
406;Huizen;3;41273;7.3
677;Hulst;0;27524;0
353;IJsselstein;13;34160;38.1
1884;Kaag en Braassem;2;26866;7.4
166;Kampen;14;53779;26
678;Kapelle;2;12785;15.6
537;Katwijk;6;65302;9.2
928;Kerkrade;8;45642;17.5
1598;Koggenland;2;22738;8.8
542;Krimpen aan den IJssel;3;29376;10.2
1931;Krimpenerwaard;11;56048;19.6
1659;Laarbeek;11;22333;49.3
1685;Landerd;22;15529;141.7
882;Landgraaf;10;37591;26.6
415;Landsmeer;5;11488;43.5
416;Langedijk;4;27992;14.3
1621;Lansingerland;20;61601;32.5
417;Laren;0;11195;0
80;Leeuwarden;8;123107;6.5
546;Leiden;16;124899;12.8
547;Leiderdorp;2;27109;7.4
1916;Leidschendam-Voorburg;10;75425;13.3
995;Lelystad;19;77893;24.4
1640;Leudal;22;35681;61.7
327;Leusden;6;30030;20
1705;Lingewaard;9;46475;19.4
553;Lisse;1;22800;4.4
262;Lochem;2;33590;6
809;Loon op Zand;16;23327;68.6
331;Lopik;6;14473;41.5
24;Loppersum;0;9614;0
168;Losser;1;22622;4.4
263;Maasdriel;2;24693;8.1
1641;Maasgouw;8;23716;33.7
556;Maassluis;5;32768;15.3
935;Maastricht;59;121565;48.5
420;Medemblik;2;44809;4.5
938;Meerssen;3;18923;15.9
1948;Meierijstad;119;80815;147.2
119;Meppel;1;33564;3
687;Middelburg;5;48544;10.3
1842;Midden-Delfland;2;19391;10.3
1731;Midden-Drenthe;1;33178;3
1952;Midden-Groningen;2;60899;3.3
815;Mill en Sint Hubert;2;10891;18.4
1709;Moerdijk;3;36961;8.1
1978;Molenlanden;11;43858;25.1
1955;Montferland;2;36026;5.6
335;Montfoort;0;13996;0
944;Mook en Middelaar;1;7806;12.8
1740;Neder-Betuwe;9;24034;37.4
946;Nederweert;8;17001;47.1
356;Nieuwegein;9;63036;14.3
569;Nieuwkoop;3;28628;10.5
267;Nijkerk;4;42943;9.3
268;Nijmegen;68;176731;38.5
1930;Nissewaard;15;84797;17.7
1970;Noardeast-Fryslân;1;45181;2.2
1695;Noord-Beveland;0;7308;0
1699;Noordenveld;1;31290;3.2
171;Noordoostpolder;3;46849;6.4
575;Noordwijk;6;42859;14
820;Nuenen, Gerwen en Nederwetten;3;23186;12.9
302;Nunspeet;13;27481;47.3
579;Oegstgeest;7;24426;28.7
823;Oirschot;3;18623;16.1
824;Oisterwijk;16;26140;61.2
1895;Oldambt;0;38129;0
269;Oldebroek;7;23598;29.7
173;Oldenzaal;6;31840;18.8
1773;Olst-Wijhe;2;18071;11.1
175;Ommen;4;17813;22.5
1586;Oost Gelre;2;29704;6.7
826;Oosterhout;16;55616;28.8
85;Ooststellingwerf;0;25497;0
431;Oostzaan;4;9757;41
432;Opmeer;0;11779;0
86;Opsterland;2;29723;6.7
828;Oss;59;91451;64.5
1509;Oude IJsselstreek;4;39473;10.1
437;Ouder-Amstel;4;13916;28.7
589;Oudewater;4;10201;39.2
1734;Overbetuwe;22;47543;46.3
590;Papendrecht;4;32290;12.4
1894;Peel en Maas;64;43311;147.8
765;Pekela;2;12214;16.4
1926;Pijnacker-Nootdorp;11;54331;20.2
439;Purmerend;20;80117;25
273;Putten;3;24198;12.4
177;Raalte;5;37511;13.3
703;Reimerswaal;5;22678;22
274;Renkum;10;31302;31.9
339;Renswoude;0;5259;0
1667;Reusel-De Mierden;1;13060;7.7
275;Rheden;10;43640;22.9
340;Rhenen;0;20004;0
597;Ridderkerk;5;46241;10.8
1742;Rijssen-Holten;4;38300;10.4
603;Rijswijk;5;53467;9.4
1669;Roerdalen;6;20615;29.1
957;Roermond;21;58209;36.1
1674;Roosendaal;11;77032;14.3
599;Rotterdam;139;644618;21.6
277;Rozendaal;2;1654;120.9
840;Rucphen;6;22572;26.6
441;Schagen;7;46553;15
279;Scherpenzeel;1;9873;10.1
606;Schiedam;8;77999;10.3
88;Schiermonnikoog;0;936;0
1676;Schouwen-Duiveland;3;33779;8.9
965;Simpelveld;5;10516;47.5
1702;Sint Anthonis;13;11606;112
845;Sint-Michielsgestel;14;28991;48.3
1883;Sittard-Geleen;59;92661;63.7
610;Sliedrecht;3;25026;12
1714;Sluis;4;23386;17.1
90;Smallingerland;3;55938;5.4
342;Soest;16;46194;34.6
847;Someren;6;19322;31.1
848;Son en Breugel;10;16904;59.2
37;Stadskanaal;0;31789;0
180;Staphorst;3;17003;17.6
532;Stede Broec;5;21706;23
851;Steenbergen;8;25054;31.9
1708;Steenwijkerland;3;43940;6.8
971;Stein;6;24961;24
1904;Stichtse Vecht;12;64336;18.7
1900;Súdwest-Fryslân;5;89710;5.6
715;Terneuzen;5;54589;9.2
93;Terschelling;0;4890;0
448;Texel;3;13547;22.1
1525;Teylingen;7;37061;18.9
716;Tholen;7;25780;27.2
281;Tiel;5;41978;11.9
855;Tilburg;178;217259;81.9
183;Tubbergen;3;21276;14.1
1700;Twenterand;1;33792;3
1730;Tynaarlo;8;33698;23.7
737;Tytsjerksteradiel;1;31780;3.1
856;Uden;82;41782;196.3
450;Uitgeest;4;13528;29.6
451;Uithoorn;2;29424;6.8
184;Urk;7;20776;33.7
344;Utrecht;131;352866;37.1
1581;Utrechtse Heuvelrug;11;49515;22.2
981;Vaals;0;10092;0
994;Valkenburg aan de Geul;4;16470;24.3
858;Valkenswaard;4;30910;12.9
47;Veendam;0;27491;0
345;Veenendaal;3;65589;4.6
717;Veere;5;21835;22.9
861;Veldhoven;11;45337;24.3
453;Velsen;10;68348;14.6
983;Venlo;33;101603;32.5
984;Venray;9;43326;20.8
1961;Vijfheerenlanden;11;55712;19.7
622;Vlaardingen;15;72404;20.7
96;Vlieland;0;1138;0
718;Vlissingen;6;44371;13.5
986;Voerendaal;4;12452;32.1
626;Voorschoten;3;25479;11.8
285;Voorst;2;24417;8.2
865;Vught;15;26396;56.8
1949;Waadhoeke;0;46039;0
866;Waalre;2;17247;11.6
867;Waalwijk;22;48240;45.6
627;Waddinxveen;4;28316;14.1
289;Wageningen;3;38774;7.7
629;Wassenaar;5;26211;19.1
852;Waterland;8;17315;46.2
988;Weert;7;49842;14
457;Weesp;1;19334;5.2
1960;West Betuwe;12;50697;23.7
668;West Maas en Waal;6;19076;31.5
1969;Westerkwartier;6;63031;9.5
1701;Westerveld;1;19348;5.2
293;Westervoort;2;14944;13.4
1950;Westerwolde;0;25199;0
1783;Westland;15;108603;13.8
98;Weststellingwerf;1;25840;3.9
614;Westvoorne;5;14626;34.2
189;Wierden;0;24351;0
296;Wijchen;20;40951;48.8
1696;Wijdemeren;1;24013;4.2
352;Wijk bij Duurstede;6;23762;25.3
294;Winterswijk;2;28903;6.9
873;Woensdrecht;2;21866;9.1
632;Woerden;7;52197;13.4
880;Wormerland;1;16329;6.1
351;Woudenberg;3;13166;22.8
479;Zaanstad;11;155885;7.1
297;Zaltbommel;6;28451;21.1
473;Zandvoort;2;17011;11.8
50;Zeewolde;4;22309;17.9
355;Zeist;17;63934;26.6
299;Zevenaar;8;43488;18.4
637;Zoetermeer;5;124944;4
638;Zoeterwoude;0;8450;0
1892;Zuidplas;3;42762;7
879;Zundert;7;21612;32.4
301;Zutphen;4;47609;8.4
1896;Zwartewaterland;17;22503;75.5
642;Zwijndrecht;6;44639;13.4
193;Zwolle;28;127497;22
