Gemeente;Gemnr;Aantal
peildatum 13 maart 14:00;-2;
* postcode ontbreekt bij 28 pt en 1 woont in buitenland;-1;13
's-Gravenhage;518;8;1
's-Hertogenbosch;796;11;1,4
Aalsmeer;358;3;0,4
Albrandswaard;613;1;0,1
Alkmaar;361;1;0,1
Almelo;141;1;0,1
Almere;34;1;0,1
Alphen aan den Rijn;484;4;0,5
Altena;1959;8;1
Amersfoort;307;4;0,5
Amstelveen;362;3;0,4
Amsterdam;363;20;2,5
Apeldoorn;200;2;0,2
Arnhem;202;4;0,5
Barendrecht;489;1;0,1
Beekdaelen;1954;8;1
Berg en Dal;1945;5;0,6
Bergeijk;1724;1;0,1
Bergen op Zoom;748;1;0,1
Bernheze;1721;13;1,6
Best;753;3;0,4
Beuningen;209;3;0,4
Beverwijk;375;5;0,6
Blaricum;376;1;0,1
Bloemendaal;377;1;0,1
Bodegraven-Reeuwijk;1901;1;0,1
Boekel;755;11;1,4
Borne;147;3;0,4
Borsele;654;1;0,1
Boxmeer;756;1;0,1
Boxtel;757;1;0,1
Breda;758;53;6,6
Bronckhorst;1876;2;0,2
Buren;214;2;0,2
Coevorden;109;11;1,4
Cranendonck;1706;2;0,2
Cuijk;1684;2;0,2
Culemborg;216;2;0,2
De Bilt;310;11;1,4
De Fryske Marren;1940;2;0,2
Delft;503;2;0,2
Den Helder;400;1;0,1
Deurne;762;3;0,4
Diemen;384;2;0,2
Dinkelland;1774;3;0,4
Dongen;766;4;0,5
Dordrecht;505;1;0,1
Drimmelen;1719;5;0,6
Dronten;303;2;0,2
Druten;225;1;0,1
Duiven;226;1;0,1
Eersel;770;1;0,1
Eindhoven;772;12;1,5
Elburg;230;1;0,1
Emmen;114;1;0,1
Enschede;153;3;0,4
Ermelo;233;4;0,5
Etten-Leur;777;6;0,7
Geertruidenberg;779;1;0,1
Geldrop-Mierlo;1771;2;0,2
Gemert-Bakel;1652;11;1,4
Gennep;907;1;0,1
Gilze en Rijen;784;1;0,1
Goeree-Overflakkee;1924;1;0,1
Goes;664;2;0,2
Goirle;785;6;0,7
Gooise Meren;1942;3;0,4
Gouda;513;2;0,2
Groningen;14;3;0,4
Haaren;788;7;0,9
Haarlem;392;4;0,5
Harderwijk;243;2;0,2
Hardinxveld-Giessendam;523;5;0,6
Heemskerk;396;1;0,1
Heemstede;397;2;0,2
Heerlen;917;2;0,2
Heeze-Leende;1658;1;0,1
Heiloo;399;2;0,2
Hellendoorn;163;2;0,2
Hellevoetsluis;530;1;0,1
Helmond;794;16;2
Heusden;797;4;0,5
Hilvarenbeek;798;5;0,6
Hoeksche Waard;1963;1;0,1
Hoogeveen;118;1;0,1
Horst aan de Maas;1507;2;0,2
Houten;321;13;1,6
Huizen;406;1;0,1
IJsselstein;353;1;0,1
Katwijk;537;1;0,1
Krimpen aan den IJssel;542;1;0,1
Krimpenerwaard;1931;3;0,4
Laarbeek;1659;1;0,1
Landerd;1685;4;0,5
Landgraaf;882;2;0,2
Landsmeer;415;2;0,2
Langedijk;416;3;0,4
Lansingerland;1621;4;0,5
Leeuwarden;80;1;0,1
Leiden;546;4;0,5
Leidschendam-Voorburg;1916;3;0,4
Lelystad;995;3;0,4
Leudal;1640;4;0,5
Lingewaard;1705;2;0,2
Loon op Zand;809;7;0,9
Maastricht;935;10;1,2
Meierijstad;1948;25;3,1
Moerdijk;1709;1;0,1
Neder-Betuwe;1740;3;0,4
Nederweert;946;1;0,1
Nieuwkoop;569;1;0,1
Nijmegen;268;8;1
Nissewaard;1930;1;0,1
Noordwijk;575;2;0,2
Nuenen, Gerwen en Nederwetten;820;1;0,1
Nunspeet;302;1;0,1
Oegstgeest;579;2;0,2
Oisterwijk;824;6;0,7
Oldebroek;269;1;0,1
Oosterhout;826;3;0,4
Opsterland;86;2;0,2
Oss;828;3;0,4
Peel en Maas;1894;8;1
Pekela;765;1;0,1
Pijnacker-Nootdorp;1926;6;0,7
Purmerend;439;2;0,2
Raalte;177;1;0,1
Reimerswaal;703;1;0,1
Renkum;274;7;0,9
Rheden;275;1;0,1
Ridderkerk;597;1;0,1
Roermond;957;1;0,1
Roosendaal;1674;2;0,2
Rotterdam;599;20;2,5
Schagen;441;2;0,2
Schouwen-Duiveland;1676;2;0,2
Simpelveld;965;2;0,2
Sint-Michielsgestel;845;5;0,6
Sittard-Geleen;1883;23;2,9
Smallingerland;90;1;0,1
Soest;342;8;1
Son en Breugel;848;2;0,2
Stein;971;1;0,1
Stichtse Vecht;1904;6;0,7
Súdwest-Fryslân;1900;1;0,1
Tiel;281;2;0,2
Tilburg;855;67;8,3
Tubbergen;183;1;0,1
Uden;856;25;3,1
Utrecht;344;26;3,2
Utrechtse Heuvelrug;1581;2;0,2
Veenendaal;345;1;0,1
Veere;717;1;0,1
Veldhoven;861;1;0,1
Velsen;453;1;0,1
Venlo;983;2;0,2
Vijfheerenlanden;1961;2;0,2
Vlaardingen;622;1;0,1
Vlissingen;718;2;0,2
Voorst;285;1;0,1
Vught;865;2;0,2
Waalre;866;1;0,1
Waalwijk;867;9;1,1
Waddinxveen;627;1;0,1
Wassenaar;629;1;0,1
Waterland;852;1;0,1
West Betuwe;1960;3;0,4
West Maas en Waal;668;2;0,2
Westvoorne;614;1;0,1
Wijchen;296;3;0,4
Wijk bij Duurstede;352;2;0,2
Woerden;632;2;0,2
Woudenberg;351;1;0,1
Zaanstad;479;2;0,2
Zaltbommel;297;1;0,1
Zeewolde;50;1;0,1
Zeist;355;4;0,5
Zundert;879;3;0,4
Zwartewaterland;1896;2;0,2
Zwolle;193;2;0,2
