Gemnr;Gemeente;Aantal;BevAant;Aantal per 100.000 inwoners
-2;peildatum 23 maart 14:30;;;
-1;* Bij 184 personen is de woonplaats niet van bekend;99;;
518;'s-Gravenhage;53;537833;9.9
796;'s-Hertogenbosch;60;154205;38.9
1680;Aa en Hunze;1;25386;3.9
358;Aalsmeer;8;31728;25.2
197;Aalten;1;27011;3.7
59;Achtkarspelen;0;27852;0
482;Alblasserdam;4;20069;19.9
613;Albrandswaard;14;25271;55.4
361;Alkmaar;16;108558;14.7
141;Almelo;7;72849;9.6
34;Almere;18;207904;8.7
484;Alphen aan den Rijn;17;110986;15.3
1723;Alphen-Chaam;14;10149;137.9
1959;Altena;25;55386;45.1
60;Ameland;0;3673;0
307;Amersfoort;41;156286;26.2
362;Amstelveen;29;90838;31.9
363;Amsterdam;203;862965;23.5
200;Apeldoorn;26;162445;16
3;Appingedam;0;11721;0
202;Arnhem;20;159265;12.6
106;Assen;4;67963;5.9
743;Asten;5;16710;29.9
744;Baarle-Nassau;1;6847;14.6
308;Baarn;2;24767;8.1
489;Barendrecht;13;48673;26.7
203;Barneveld;10;57971;17.3
888;Beek;5;15929;31.4
1954;Beekdaelen;20;35727;56
370;Beemster;0;9748;0
889;Beesel;5;13519;37
1945;Berg en Dal;33;34798;94.8
1724;Bergeijk;3;18491;16.2
893;Bergen (L);1;13140;7.6
373;Bergen (NH);9;29974;30
748;Bergen op Zoom;12;66811;18
1859;Berkelland;2;43904;4.6
1721;Bernheze;62;30806;201.3
753;Best;14;29821;46.9
209;Beuningen;12;25882;46.4
375;Beverwijk;7;41176;17
1728;Bladel;12;20175;59.5
376;Blaricum;4;11202;35.7
377;Bloemendaal;11;23410;47
1901;Bodegraven-Reeuwijk;5;34462;14.5
755;Boekel;40;10588;377.8
1681;Borger-Odoorn;0;25372;0
147;Borne;7;23210;30.2
654;Borsele;3;22800;13.2
756;Boxmeer;7;29065;24.1
757;Boxtel;12;30747;39
758;Breda;161;183873;87.6
501;Brielle;1;17182;5.8
1876;Bronckhorst;6;36212;16.6
213;Brummen;4;20698;19.3
899;Brunssum;8;28103;28.5
312;Bunnik;4;15192;26.3
313;Bunschoten;0;21576;0
214;Buren;5;26568;18.8
502;Capelle aan den IJssel;7;66818;10.5
383;Castricum;8;35772;22.4
109;Coevorden;14;35483;39.5
1706;Cranendonck;19;20440;93
1684;Cuijk;5;24931;20.1
216;Culemborg;5;28555;17.5
148;Dalfsen;9;28499;31.6
1891;Dantumadiel;0;18923;0
310;De Bilt;23;42824;53.7
1940;De Fryske Marren;8;51430;15.6
736;De Ronde Venen;6;44059;13.6
1690;De Wolden;3;24110;12.4
503;Delft;16;103163;15.5
10;Delfzijl;1;24716;4
400;Den Helder;4;55604;7.2
762;Deurne;22;32362;68
150;Deventer;17;99957;17
384;Diemen;4;29196;13.7
1774;Dinkelland;15;26350;56.9
221;Doesburg;4;11148;35.9
222;Doetinchem;6;57555;10.4
766;Dongen;2;26051;7.7
505;Dordrecht;17;118654;14.3
498;Drechterland;2;19597;10.2
1719;Drimmelen;16;27150;58.9
303;Dronten;11;40815;27
225;Druten;6;18797;31.9
226;Duiven;2;25332;7.9
1711;Echt-Susteren;14;31638;44.3
385;Edam-Volendam;6;36099;16.6
228;Ede;21;115710;18.1
317;Eemnes;1;9113;11
770;Eersel;10;19110;52.3
1903;Eijsden-Margraten;7;25658;27.3
772;Eindhoven;55;231642;23.7
230;Elburg;4;23086;17.3
114;Emmen;6;107113;5.6
388;Enkhuizen;8;18507;43.2
153;Enschede;20;158986;12.6
232;Epe;10;33145;30.2
233;Ermelo;13;26858;48.4
777;Etten-Leur;24;43774;54.8
779;Geertruidenberg;10;21515;46.5
1771;Geldrop-Mierlo;8;39595;20.2
1652;Gemert-Bakel;56;30447;183.9
907;Gennep;7;17071;41
784;Gilze en Rijen;13;26431;49.2
1924;Goeree-Overflakkee;36;49611;72.6
664;Goes;3;37653;8
785;Goirle;13;23793;54.6
1942;Gooise Meren;11;57715;19.1
512;Gorinchem;2;36682;5.5
513;Gouda;16;73181;21.9
786;Grave;11;12483;88.1
14;Groningen;53;231299;22.9
1729;Gulpen-Wittem;2;14246;14
158;Haaksbergen;3;24277;12.4
788;Haaren;12;14195;84.5
392;Haarlem;29;161265;18
394;Haarlemmermeer;18;154235;11.7
1655;Halderberge;7;30194;23.2
160;Hardenberg;4;60574;6.6
243;Harderwijk;8;47581;16.8
523;Hardinxveld-Giessendam;6;18051;33.2
72;Harlingen;3;15758;19
244;Hattem;1;12173;8.2
396;Heemskerk;5;39164;12.8
397;Heemstede;13;27286;47.6
246;Heerde;13;18546;70.1
74;Heerenveen;3;50257;6
398;Heerhugowaard;10;56742;17.6
917;Heerlen;29;86832;33.4
1658;Heeze-Leende;7;15964;43.8
399;Heiloo;6;23464;25.6
163;Hellendoorn;5;35808;14
530;Hellevoetsluis;5;40049;12.5
794;Helmond;49;91524;53.5
531;Hendrik-Ido-Ambacht;2;30966;6.5
164;Hengelo (O);15;80683;18.6
1966;Het Hogeland;1;47888;2.1
252;Heumen;9;16486;54.6
797;Heusden;16;44135;36.3
534;Hillegom;2;21966;9.1
798;Hilvarenbeek;7;15334;45.7
402;Hilversum;7;90238;7.8
1963;Hoeksche Waard;23;86656;26.5
1735;Hof van Twente;5;34940;14.3
1911;Hollands Kroon;8;47815;16.7
118;Hoogeveen;5;55662;9
405;Hoorn;11;73004;15.1
1507;Horst aan de Maas;16;42291;37.8
321;Houten;25;49911;50.1
406;Huizen;3;41273;7.3
677;Hulst;0;27524;0
353;IJsselstein;16;34160;46.8
1884;Kaag en Braassem;2;26866;7.4
166;Kampen;17;53779;31.6
678;Kapelle;2;12785;15.6
537;Katwijk;6;65302;9.2
928;Kerkrade;8;45642;17.5
1598;Koggenland;4;22738;17.6
542;Krimpen aan den IJssel;3;29376;10.2
1931;Krimpenerwaard;11;56048;19.6
1659;Laarbeek;13;22333;58.2
1685;Landerd;23;15529;148.1
882;Landgraaf;11;37591;29.3
415;Landsmeer;5;11488;43.5
416;Langedijk;5;27992;17.9
1621;Lansingerland;20;61601;32.5
417;Laren;0;11195;0
80;Leeuwarden;10;123107;8.1
546;Leiden;16;124899;12.8
547;Leiderdorp;2;27109;7.4
1916;Leidschendam-Voorburg;10;75425;13.3
995;Lelystad;21;77893;27
1640;Leudal;23;35681;64.5
327;Leusden;7;30030;23.3
1705;Lingewaard;10;46475;21.5
553;Lisse;1;22800;4.4
262;Lochem;2;33590;6
809;Loon op Zand;17;23327;72.9
331;Lopik;9;14473;62.2
24;Loppersum;0;9614;0
168;Losser;1;22622;4.4
263;Maasdriel;2;24693;8.1
1641;Maasgouw;9;23716;37.9
556;Maassluis;6;32768;18.3
935;Maastricht;60;121565;49.4
420;Medemblik;4;44809;8.9
938;Meerssen;3;18923;15.9
1948;Meierijstad;127;80815;157.1
119;Meppel;3;33564;8.9
687;Middelburg;6;48544;12.4
1842;Midden-Delfland;2;19391;10.3
1731;Midden-Drenthe;1;33178;3
1952;Midden-Groningen;2;60899;3.3
815;Mill en Sint Hubert;2;10891;18.4
1709;Moerdijk;3;36961;8.1
1978;Molenlanden;11;43858;25.1
1955;Montferland;3;36026;8.3
335;Montfoort;2;13996;14.3
944;Mook en Middelaar;3;7806;38.4
1740;Neder-Betuwe;9;24034;37.4
946;Nederweert;9;17001;52.9
356;Nieuwegein;11;63036;17.5
569;Nieuwkoop;3;28628;10.5
267;Nijkerk;7;42943;16.3
268;Nijmegen;79;176731;44.7
1930;Nissewaard;15;84797;17.7
1970;Noardeast-Fryslân;2;45181;4.4
1695;Noord-Beveland;0;7308;0
1699;Noordenveld;1;31290;3.2
171;Noordoostpolder;3;46849;6.4
575;Noordwijk;6;42859;14
820;Nuenen, Gerwen en Nederwetten;4;23186;17.3
302;Nunspeet;17;27481;61.9
579;Oegstgeest;7;24426;28.7
823;Oirschot;3;18623;16.1
824;Oisterwijk;16;26140;61.2
1895;Oldambt;0;38129;0
269;Oldebroek;7;23598;29.7
173;Oldenzaal;6;31840;18.8
1773;Olst-Wijhe;2;18071;11.1
175;Ommen;6;17813;33.7
1586;Oost Gelre;2;29704;6.7
826;Oosterhout;22;55616;39.6
85;Ooststellingwerf;0;25497;0
431;Oostzaan;5;9757;51.2
432;Opmeer;0;11779;0
86;Opsterland;3;29723;10.1
828;Oss;65;91451;71.1
1509;Oude IJsselstreek;4;39473;10.1
437;Ouder-Amstel;5;13916;35.9
589;Oudewater;4;10201;39.2
1734;Overbetuwe;30;47543;63.1
590;Papendrecht;5;32290;15.5
1894;Peel en Maas;69;43311;159.3
765;Pekela;2;12214;16.4
1926;Pijnacker-Nootdorp;12;54331;22.1
439;Purmerend;22;80117;27.5
273;Putten;3;24198;12.4
177;Raalte;5;37511;13.3
703;Reimerswaal;5;22678;22
274;Renkum;10;31302;31.9
339;Renswoude;0;5259;0
1667;Reusel-De Mierden;1;13060;7.7
275;Rheden;12;43640;27.5
340;Rhenen;1;20004;5
597;Ridderkerk;5;46241;10.8
1742;Rijssen-Holten;4;38300;10.4
603;Rijswijk;7;53467;13.1
1669;Roerdalen;7;20615;34
957;Roermond;23;58209;39.5
1674;Roosendaal;16;77032;20.8
599;Rotterdam;149;644618;23.1
277;Rozendaal;2;1654;120.9
840;Rucphen;6;22572;26.6
441;Schagen;7;46553;15
279;Scherpenzeel;2;9873;20.3
606;Schiedam;8;77999;10.3
88;Schiermonnikoog;0;936;0
1676;Schouwen-Duiveland;3;33779;8.9
965;Simpelveld;5;10516;47.5
1702;Sint Anthonis;13;11606;112
845;Sint-Michielsgestel;14;28991;48.3
1883;Sittard-Geleen;61;92661;65.8
610;Sliedrecht;3;25026;12
1714;Sluis;4;23386;17.1
90;Smallingerland;3;55938;5.4
342;Soest;16;46194;34.6
847;Someren;7;19322;36.2
848;Son en Breugel;10;16904;59.2
37;Stadskanaal;0;31789;0
180;Staphorst;4;17003;23.5
532;Stede Broec;8;21706;36.9
851;Steenbergen;8;25054;31.9
1708;Steenwijkerland;4;43940;9.1
971;Stein;9;24961;36.1
1904;Stichtse Vecht;13;64336;20.2
1900;Súdwest-Fryslân;5;89710;5.6
715;Terneuzen;6;54589;11
93;Terschelling;0;4890;0
448;Texel;3;13547;22.1
1525;Teylingen;7;37061;18.9
716;Tholen;8;25780;31
281;Tiel;6;41978;14.3
855;Tilburg;193;217259;88.8
183;Tubbergen;4;21276;18.8
1700;Twenterand;2;33792;5.9
1730;Tynaarlo;8;33698;23.7
737;Tytsjerksteradiel;1;31780;3.1
856;Uden;84;41782;201
450;Uitgeest;4;13528;29.6
451;Uithoorn;2;29424;6.8
184;Urk;7;20776;33.7
344;Utrecht;145;352866;41.1
1581;Utrechtse Heuvelrug;14;49515;28.3
981;Vaals;0;10092;0
994;Valkenburg aan de Geul;4;16470;24.3
858;Valkenswaard;5;30910;16.2
47;Veendam;0;27491;0
345;Veenendaal;6;65589;9.1
717;Veere;6;21835;27.5
861;Veldhoven;11;45337;24.3
453;Velsen;11;68348;16.1
983;Venlo;35;101603;34.4
984;Venray;10;43326;23.1
1961;Vijfheerenlanden;12;55712;21.5
622;Vlaardingen;15;72404;20.7
96;Vlieland;0;1138;0
718;Vlissingen;8;44371;18
986;Voerendaal;4;12452;32.1
626;Voorschoten;3;25479;11.8
285;Voorst;2;24417;8.2
865;Vught;17;26396;64.4
1949;Waadhoeke;0;46039;0
866;Waalre;2;17247;11.6
867;Waalwijk;24;48240;49.8
627;Waddinxveen;4;28316;14.1
289;Wageningen;3;38774;7.7
629;Wassenaar;5;26211;19.1
852;Waterland;9;17315;52
988;Weert;12;49842;24.1
457;Weesp;1;19334;5.2
1960;West Betuwe;15;50697;29.6
668;West Maas en Waal;7;19076;36.7
1969;Westerkwartier;8;63031;12.7
1701;Westerveld;2;19348;10.3
293;Westervoort;2;14944;13.4
1950;Westerwolde;0;25199;0
1783;Westland;21;108603;19.3
98;Weststellingwerf;1;25840;3.9
614;Westvoorne;7;14626;47.9
189;Wierden;0;24351;0
296;Wijchen;21;40951;51.3
1696;Wijdemeren;1;24013;4.2
352;Wijk bij Duurstede;6;23762;25.3
294;Winterswijk;2;28903;6.9
873;Woensdrecht;3;21866;13.7
632;Woerden;14;52197;26.8
880;Wormerland;2;16329;12.2
351;Woudenberg;4;13166;30.4
479;Zaanstad;19;155885;12.2
297;Zaltbommel;7;28451;24.6
473;Zandvoort;3;17011;17.6
50;Zeewolde;4;22309;17.9
355;Zeist;19;63934;29.7
299;Zevenaar;9;43488;20.7
637;Zoetermeer;7;124944;5.6
638;Zoeterwoude;0;8450;0
1892;Zuidplas;3;42762;7
879;Zundert;9;21612;41.6
301;Zutphen;6;47609;12.6
1896;Zwartewaterland;19;22503;84.4
642;Zwijndrecht;6;44639;13.4
193;Zwolle;35;127497;27.5
