Datum,Gemeentenaam,Gemeentecode,Provincienaam,Aantal
2020-03-12,Netherlands,9998,hospital,86
2020-03-13,Netherlands,9998,hospital,115
2020-03-14,Netherlands,9998,hospital,136
2020-03-15,Netherlands,9998,hospital,162
2020-03-16,Netherlands,9998,hospital,205
2020-03-17,Netherlands,9998,hospital,314
2020-03-18,Netherlands,9998,hospital,408
2020-03-19,Netherlands,9998,hospital,489
2020-03-20,Netherlands,9998,hospital,634
2020-03-21,Netherlands,9998,hospital,836
2020-03-22,Netherlands,9998,hospital,988
2020-03-23,Netherlands,9998,hospital,1230
2020-03-24,Netherlands,9998,hospital,1495
2020-03-25,Netherlands,9998,hospital,1836
2020-03-26,Netherlands,9998,hospital,2151
2020-03-27,Netherlands,9998,hospital,2500
