,Datum,Gemeentenaam,Gemeentecode,Provincienaam,Aantal
0,2020-03-06,Netherlands,9999,fatalities,-1
1,2020-03-07,Netherlands,9999,fatalities,-1
2,2020-03-08,Netherlands,9999,fatalities,-3
3,2020-03-09,Netherlands,9999,fatalities,-3
4,2020-03-10,Netherlands,9999,fatalities,-4
5,2020-03-11,Netherlands,9999,fatalities,-5
6,2020-03-12,Netherlands,9999,fatalities,-5
7,2020-03-13,Netherlands,9999,fatalities,-10
8,2020-03-14,Netherlands,9999,fatalities,-12
9,2020-03-15,Netherlands,9999,fatalities,-20
10,2020-03-16,Netherlands,9999,fatalities,-24
11,2020-03-17,Netherlands,9999,fatalities,-43
12,2020-03-18,Netherlands,9999,fatalities,-58
13,2020-03-19,Netherlands,9999,fatalities,-76
14,2020-03-20,Netherlands,9999,fatalities,-106
15,2020-03-21,Netherlands,9999,fatalities,-136
16,2020-03-22,Netherlands,9999,fatalities,-179
17,2020-03-23,Netherlands,9999,fatalities,-213
18,2020-03-24,Netherlands,9999,fatalities,-276
19,2020-03-25,Netherlands,9999,fatalities,-356
20,2020-03-26,Netherlands,9999,fatalities,-434
21,2020-03-27,Netherlands,9999,fatalities,-546
