﻿Tabelle 1
"Name,Status,""Population Census, 01.01.01"",""Population Estimate, 01.01.08"",""Population Estimate, 01.01.11"",""Population Estimate, 01.01.15"",""Population Estimate, 01.01.20"",Province "
"Aa en Hunze,Municipality,""25,208"",""25,598"",""25,785"",""25,203"",""25,453"",Drenthe"
"Assen,Municipality,""59,005"",""65,487"",""67,177"",""67,165"",""68,606"",Drenthe"
"Borger-Odoorn,Municipality,""26,298"",""26,201"",""25,941"",""25,502"",""25,558"",Drenthe"
"Coevorden,Municipality,""35,502"",""35,993"",""36,067"",""35,535"",""35,296"",Drenthe"
"De Wolden,Municipality,""23,783"",""23,554"",""23,637"",""23,661"",""24,327"",Drenthe"
"Emmen,Municipality,""107,419"",""109,151"",""109,259"",""107,775"",""107,055"",Drenthe"
"Hoogeveen,Municipality,""52,781"",""54,468"",""54,844"",""54,860"",""55,697"",Drenthe"
"Meppel,Municipality,""30,037"",""31,536"",""32,511"",""32,799"",""33,902"",Drenthe"
"Midden-Drenthe,Municipality,""32,812"",""33,587"",""33,581"",""33,284"",""33,182"",Drenthe"
"Noordenveld,Municipality,""30,958"",""31,253"",""30,794"",""31,137"",""31,242"",Drenthe"
"Tynaarlo,Municipality,""31,751"",""31,974"",""32,450"",""32,570"",""33,879"",Drenthe"
"Westerveld,Municipality,""18,943"",""19,333"",""19,365"",""19,085"",""19,460"",Drenthe"
"Almere,Municipality,""150,359"",""183,270"",""190,655"",""196,932"",""211,840"",Flevoland"
"Dronten,Municipality,""35,575"",""38,528"",""40,164"",""40,363"",""41,569"",Flevoland"
"Lelystad,Municipality,""64,665"",""73,063"",""75,111"",""76,418"",""78,619"",Flevoland"
"Noordoostpolder,Municipality,""43,668"",""45,716"",""46,253"",""46,479"",""47,262"",Flevoland"
"Urk,Municipality,""16,231"",""17,825"",""18,678"",""19,705"",""21,033"",Flevoland"
"Zeewolde,Municipality,""18,379"",""20,286"",""21,106"",""21,894"",""22,656"",Flevoland"
"Achtkarspelen,Municipality,""28,013"",""28,088"",""28,123"",""27,983"",""27,836"",FrieslandÂ (FryslÃ¢n)"
"Ameland,Municipality,""3,545"",""3,456"",""3,503"",""3,590"",""3,718"",FrieslandÂ (FryslÃ¢n)"
"DantumadielÂ (Dantumadeel),Municipality,""19,843"",""19,399"",""19,310"",""19,059"",""18,916"",FrieslandÂ (FryslÃ¢n)"
"De Fryske MarrenÂ (incl. SkarsterlÃ¢n, Lemsterland, GaasterlÃ¢n-Sleat),Municipality,""50,750"",""51,550"",""52,050"",""51,213"",""51,567"",FrieslandÂ (FryslÃ¢n)"
"Harlingen,Municipality,""15,444"",""15,567"",""15,878"",""15,779"",""15,720"",FrieslandÂ (FryslÃ¢n)"
"Heerenveen,Municipality,...,""49,000"",""49,400"",""50,141"",""50,494"",FrieslandÂ (FryslÃ¢n)"
"LeeuwardenÂ (incl. Leeuwarderadeel),Municipality,...,""117,583"",""119,502"",""121,352"",""124,058"",FrieslandÂ (FryslÃ¢n)"
"Noardeast-FryslÃ¢nÂ (incl. Dongeradeel, Ferwerderadeel, Kollumerland),Municipality,""46,736"",""46,644"",""46,086"",""45,556"",""45,251"",FrieslandÂ (FryslÃ¢n)"
"Ooststellingwerf,Municipality,""26,238"",""26,398"",""26,004"",""25,617"",""25,472"",FrieslandÂ (FryslÃ¢n)"
"Opsterland,Municipality,""28,833"",""29,703"",""29,991"",""29,859"",""29,742"",FrieslandÂ (FryslÃ¢n)"
"Schiermonnikoog,Municipality,""1,017"",""951,00"",""957,00"",""926,00"",""947,00"",FrieslandÂ (FryslÃ¢n)"
"Smallingerland,Municipality,""53,010"",""54,962"",""55,436"",""55,635"",""56,154"",FrieslandÂ (FryslÃ¢n)"
"SÃºdwest-FryslÃ¢n,Municipality,...,""88,980"",""89,700"",""89,629"",""89,987"",FrieslandÂ (FryslÃ¢n)"
"Terschelling,Municipality,""4,768"",""4,705"",""4,721"",""4,827"",""4,889"",FrieslandÂ (FryslÃ¢n)"
"TytsjerksteradielÂ (Tietjerksteradeel),Municipality,""31,049"",""32,243"",""32,178"",""31,957"",""32,046"",FrieslandÂ (FryslÃ¢n)"
"Vlieland,Municipality,""1,215"",""1,124"",""1,151"",""1,103"",""1,152"",FrieslandÂ (FryslÃ¢n)"
"Waadhoeke,Municipality,""46,712"",""47,185"",""47,431"",""46,462"",""46,079"",FrieslandÂ (FryslÃ¢n)"
"Weststellingwerf,Municipality,""25,246"",""25,674"",""25,846"",""25,525"",""25,916"",FrieslandÂ (FryslÃ¢n)"
"Aalten,Municipality,""27,338"",""27,568"",""27,439"",""26,904"",""27,117"",Gelderland"
"Apeldoorn,Municipality,""153,681"",""155,108"",""156,199"",""158,099"",""163,829"",Gelderland"
"Arnhem,Municipality,""139,299"",""143,582"",""148,070"",""152,293"",""161,368"",Gelderland"
"Barneveld,Municipality,""48,296"",""51,486"",""53,026"",""54,703"",""59,077"",Gelderland"
"Berg en DalÂ (Groesbeek),Municipality,""34,503"",""34,177"",""34,149"",""34,258"",""34,990"",Gelderland"
"Berkelland,Municipality,""46,321"",""45,150"",""44,863"",""44,364"",""43,748"",Gelderland"
"Beuningen,Municipality,""25,437"",""25,321"",""25,507"",""25,282"",""25,891"",Gelderland"
"Bronckhorst,Municipality,""37,665"",""37,833"",""37,677"",""36,726"",""36,052"",Gelderland"
"Brummen,Municipality,""21,592"",""21,200"",""21,219"",""20,983"",""20,756"",Gelderland"
"Buren,Municipality,""25,238"",""25,727"",""26,013"",""26,117"",""26,742"",Gelderland"
"Culemborg,Municipality,""25,251"",""27,298"",""27,584"",""27,560"",""28,956"",Gelderland"
"Doesburg,Municipality,""11,518"",""11,567"",""11,636"",""11,355"",""11,078"",Gelderland"
"Doetinchem,Municipality,""54,446"",""56,253"",""56,037"",""56,484"",""58,009"",Gelderland"
"Druten,Municipality,""17,054"",""18,082"",""18,097"",""18,294"",""18,918"",Gelderland"
"Duiven,Municipality,""25,750"",""25,560"",""25,550"",""25,548"",""25,124"",Gelderland"
"Ede,Municipality,""102,401"",""107,686"",""108,285"",""111,575"",""117,166"",Gelderland"
"Elburg,Municipality,""21,689"",""22,231"",""22,310"",""22,843"",""23,161"",Gelderland"
"Epe,Municipality,""33,156"",""32,970"",""32,875"",""32,214"",""33,186"",Gelderland"
"Ermelo,Municipality,""26,784"",""26,270"",""26,133"",""26,190"",""27,005"",Gelderland"
"Harderwijk,Municipality,""40,183"",""42,333"",""44,932"",""45,776"",""48,429"",Gelderland"
"Hattem,Municipality,""11,672"",""11,657"",""11,762"",""11,821"",""12,213"",Gelderland"
"Heerde,Municipality,""18,083"",""18,212"",""18,300"",""18,512"",""18,587"",Gelderland"
"Heumen,Municipality,""16,503"",""16,628"",""16,494"",""16,383"",""16,450"",Gelderland"
"Lingewaard,Municipality,""41,143"",""44,617"",""45,589"",""45,788"",""46,606"",Gelderland"
"Lochem,Municipality,""32,548"",""33,045"",""33,278"",""33,244"",""33,730"",Gelderland"
"Maasdriel,Municipality,""23,369"",""23,631"",""23,970"",""24,185"",""25,034"",Gelderland"
"Montferland,Municipality,""35,032"",""34,995"",""34,976"",""35,150"",""36,009"",Gelderland"
"Neder-Betuwe,Municipality,""22,144"",""22,424"",""22,620"",""22,728"",""24,342"",Gelderland"
"Nijkerk,Municipality,""36,720"",""38,982"",""39,788"",""40,870"",""43,176"",Gelderland"
"Nijmegen,Municipality,""153,684"",""161,251"",""164,223"",""170,681"",""177,698"",Gelderland"
"Nunspeet,Municipality,""26,139"",""26,567"",""26,685"",""26,744"",""27,845"",Gelderland"
"Oldebroek,Municipality,""22,645"",""22,771"",""22,659"",""23,001"",""23,645"",Gelderland"
"Oost GelreÂ (Groenlo),Municipality,""28,343"",""29,873"",""30,113"",""29,533"",""29,623"",Gelderland"
"Oude IJsselstreek,Municipality,""40,520"",""39,905"",""39,922"",""39,558"",""39,392"",Gelderland"
"Overbetuwe,Municipality,""39,684"",""44,226"",""45,953"",""46,833"",""47,909"",Gelderland"
"Putten,Municipality,""22,887"",""23,183"",""23,746"",""24,377"",""24,113"",Gelderland"
"Renkum,Municipality,""32,234"",""31,719"",""31,559"",""31,408"",""31,404"",Gelderland"
"Rheden,Municipality,""44,384"",""43,763"",""43,982"",""43,625"",""43,736"",Gelderland"
"Rozendaal,Municipality,""1,505"",""1,511"",""1,512"",""1,509"",""1,705"",Gelderland"
"Scherpenzeel,Municipality,""9,138"",""9,037"",""9,327"",""9,522"",""9,880"",Gelderland"
"Tiel,Municipality,""39,606"",""41,132"",""41,181"",""41,590"",""42,161"",Gelderland"
"Voorst,Municipality,""23,712"",""23,660"",""23,703"",""23,913"",""24,546"",Gelderland"
"Wageningen,Municipality,""33,820"",""36,215"",""36,642"",""37,786"",""39,673"",Gelderland"
"West BetuweÂ (incl. Geldermalsen, Lingewaal, Neerijnen),Municipality,""46,963"",""49,052"",""48,945"",""49,440"",""51,198"",Gelderland"
"Westervoort,Municipality,""16,153"",""15,478"",""15,336"",""14,992"",""14,973"",Gelderland"
"West Maas en Waal,Municipality,""18,181"",""18,320"",""18,301"",""18,570"",""19,320"",Gelderland"
"Wijchen,Municipality,""38,425"",""39,660"",""40,507"",""40,886"",""41,124"",Gelderland"
"Winterswijk,Municipality,""28,672"",""29,182"",""29,026"",""28,977"",""28,865"",Gelderland"
"Zaltbommel,Municipality,""25,658"",""26,185"",""26,643"",""27,358"",""28,901"",Gelderland"
"ZevenaarÂ (incl. Rijnwaarden),Municipality,""42,145"",""42,824"",""43,244"",""43,177"",""43,740"",Gelderland"
"Zutphen,Municipality,""44,826"",""46,762"",""47,084"",""46,849"",""47,942"",Gelderland"
"Appingedam,Municipality,""12,434"",""12,131"",""12,090"",""12,011"",""11,644"",Groningen"
"Delfzijl,Municipality,""28,968"",""27,314"",""26,567"",""25,409"",""24,666"",Groningen"
"GroningenÂ (incl. Haren, Ten Boer),Municipality,""200,402"",""208,466"",""215,960"",""226,712"",""232,922"",Groningen"
"Het HogelandÂ (incl. Bedum, De Marne, Eemsmond, Winsum),Municipality,""50,841"",""50,123"",""49,737"",""48,547"",""47,834"",Groningen"
"Loppersum,Municipality,""11,037"",""10,702"",""10,478"",""10,140"",""9,533"",Groningen"
"Midden-Groningen,Municipality,""60,684"",""62,479"",""62,745"",""62,114"",""60,804"",Groningen"
"Oldambt,Municipality,""40,168"",""39,606"",""39,396"",""38,420"",""38,213"",Groningen"
"Pekela,Municipality,""13,359"",""13,262"",""12,954"",""12,678"",""12,199"",Groningen"
"Stadskanaal,Municipality,""33,517"",""33,817"",""33,122"",""32,610"",""31,688"",Groningen"
"Veendam,Municipality,""28,328"",""28,058"",""27,981"",""27,695"",""27,387"",Groningen"
"WesterkwartierÂ (incl. Grootegast, Leek, Marum, Zuidhorn),Municipality,""60,579"",""61,679"",""62,314"",""62,240"",""63,375"",Groningen"
"WesterwoldeÂ (incl. Vlagtwedde, Bellingwedde),Municipality,""26,151"",""25,822"",""25,692"",""25,366"",""25,796"",Groningen"
"BeekdaelenÂ (incl. Nuth, Onderbanken, Schinnen),Municipality,""38,810"",""37,509"",""37,019"",""36,353"",""35,976"",Limburg"
"Beek (L.),Municipality,""17,174"",""16,696"",""16,548"",""16,214"",""15,868"",Limburg"
"Beesel,Municipality,""13,188"",""13,643"",""13,844"",""13,511"",""13,483"",Limburg"
"Bergen (L.),Municipality,""13,444"",""13,499"",""13,350"",""13,152"",""13,085"",Limburg"
"Brunssum,Municipality,""30,395"",""29,742"",""29,375"",""28,656"",""27,817"",Limburg"
"Echt-Susteren,Municipality,""32,269"",""32,172"",""32,264"",""31,947"",""31,618"",Limburg"
"Eijsden-Margraten,Municipality,""25,814"",""25,026"",""24,940"",""24,967"",""25,753"",Limburg"
"Gennep,Municipality,""16,822"",""16,890"",""17,383"",""17,280"",""16,924"",Limburg"
"Gulpen-Wittem,Municipality,""15,525"",""14,712"",""14,496"",""14,497"",""14,176"",Limburg"
"Heerlen,Municipality,""95,149"",""89,671"",""89,212"",""87,500"",""87,057"",Limburg"
"Horst aan de Maas,Municipality,...,""40,857"",""41,814"",""41,661"",""42,433"",Limburg"
"Kerkrade,Municipality,""51,065"",""48,334"",""47,409"",""46,524"",""45,744"",Limburg"
"Landgraaf,Municipality,""40,768"",""38,748"",""38,186"",""37,456"",""37,457"",Limburg"
"Leudal,Municipality,""36,689"",""36,744"",""36,600"",""36,244"",""35,896"",Limburg"
"Maasgouw,Municipality,""24,597"",""24,545"",""24,272"",""23,766"",""23,960"",Limburg"
"Maastricht,Municipality,""122,161"",""118,004"",""119,664"",""122,397"",""121,558"",Limburg"
"Meerssen,Municipality,""20,245"",""19,744"",""19,495"",""19,063"",""18,832"",Limburg"
"Mook en Middelaar,Municipality,""7,978"",""8,084"",""7,947"",""7,762"",""7,847"",Limburg"
"Nederweert,Municipality,""16,171"",""16,665"",""16,678"",""16,776"",""17,022"",Limburg"
"Peel en Maas,Municipality,""42,301"",""42,688"",""43,188"",""43,448"",""43,420"",Limburg"
"Roerdalen,Municipality,""21,566"",""21,142"",""21,239"",""20,699"",""20,572"",Limburg"
"Roermond,Municipality,""53,767"",""54,446"",""55,595"",""57,005"",""58,254"",Limburg"
"Simpelveld,Municipality,""11,500"",""11,206"",""10,953"",""10,844"",""10,552"",Limburg"
"Sittard-Geleen,Municipality,""97,923"",""95,691"",""94,814"",""93,724"",""92,422"",Limburg"
"Stein (L.),Municipality,""26,428"",""26,091"",""25,709"",""25,134"",""25,000"",Limburg"
"Vaals,Municipality,""10,838"",""9,838"",""9,805"",""9,694"",""10,099"",Limburg"
"Valkenburg aan de Geul,Municipality,""17,884"",""17,099"",""17,024"",""16,618"",""16,360"",Limburg"
"Venlo,Municipality,""99,541"",""100,615"",""99,793"",""100,536"",""101,797"",Limburg"
"Venray,Municipality,...,""42,530"",""42,784"",""43,202"",""43,604"",Limburg"
"Voerendaal,Municipality,""13,141"",""12,757"",""12,664"",""12,397"",""12,471"",Limburg"
"Weert,Municipality,""48,151"",""48,305"",""48,563"",""48,914"",""50,107"",Limburg"
"Alphen-Chaam,Municipality,""9,486"",""9,455"",""9,466"",""9,753"",""10,213"",Noord-BrabantÂ [North Brabant]"
"AltenaÂ (incl. Aalburg, Werkendam, Woudrichem),Municipality,""52,312"",""53,222"",""53,461"",""53,762"",""55,980"",Noord-BrabantÂ [North Brabant]"
"Asten,Municipality,""15,788"",""16,392"",""16,296"",""16,559"",""16,734"",Noord-BrabantÂ [North Brabant]"
"Baarle-Nassau,Municipality,""6,312"",""6,664"",""6,704"",""6,599"",""6,860"",Noord-BrabantÂ [North Brabant]"
"Bergeijk,Municipality,""17,966"",""18,099"",""18,073"",""18,209"",""18,638"",Noord-BrabantÂ [North Brabant]"
"Bergen op Zoom,Municipality,""65,361"",""65,242"",""66,074"",""66,320"",""67,489"",Noord-BrabantÂ [North Brabant]"
"Bernheze,Municipality,""28,664"",""29,663"",""29,728"",""29,729"",""31,247"",Noord-BrabantÂ [North Brabant]"
"Best,Municipality,""26,825"",""29,089"",""28,810"",""28,737"",""29,985"",Noord-BrabantÂ [North Brabant]"
"Bladel,Municipality,""18,990"",""19,114"",""19,386"",""19,869"",""20,395"",Noord-BrabantÂ [North Brabant]"
"Boekel,Municipality,""9,230"",""9,646"",""9,865"",""10,119"",""10,784"",Noord-BrabantÂ [North Brabant]"
"Boxmeer,Municipality,""28,907"",""28,635"",""28,582"",""28,342"",""29,371"",Noord-BrabantÂ [North Brabant]"
"Boxtel,Municipality,""29,265"",""30,241"",""30,280"",""30,337"",""30,803"",Noord-BrabantÂ [North Brabant]"
"Breda,Municipality,""162,307"",""170,960"",""174,599"",""180,937"",""184,271"",Noord-BrabantÂ [North Brabant]"
"Cranendonck,Municipality,""20,288"",""20,263"",""20,371"",""20,542"",""21,166"",Noord-BrabantÂ [North Brabant]"
"Cuijk,Municipality,""24,234"",""24,226"",""24,580"",""24,649"",""25,139"",Noord-BrabantÂ [North Brabant]"
"Deurne,Municipality,""32,044"",""31,643"",""31,676"",""31,765"",""32,474"",Noord-BrabantÂ [North Brabant]"
"Dongen,Municipality,""24,856"",""25,442"",""25,101"",""25,395"",""26,226"",Noord-BrabantÂ [North Brabant]"
"Drimmelen,Municipality,""26,624"",""26,623"",""26,477"",""26,703"",""27,274"",Noord-BrabantÂ [North Brabant]"
"Eersel,Municipality,""18,315"",""18,072"",""18,166"",""18,347"",""19,314"",Noord-BrabantÂ [North Brabant]"
"Eindhoven,Municipality,""203,391"",""210,333"",""216,036"",""223,209"",""234,456"",Noord-BrabantÂ [North Brabant]"
"Etten-Leur,Municipality,""37,782"",""40,435"",""41,800"",""42,503"",""43,880"",Noord-BrabantÂ [North Brabant]"
"Geertruidenberg,Municipality,""20,987"",""20,742"",""21,307"",""21,574"",""21,538"",Noord-BrabantÂ [North Brabant]"
"Geldrop-Mierlo,Municipality,""38,219"",""37,982"",""38,389"",""38,879"",""39,733"",Noord-BrabantÂ [North Brabant]"
"Gemert-Bakel,Municipality,""27,683"",""28,103"",""28,906"",""29,513"",""30,725"",Noord-BrabantÂ [North Brabant]"
"Gilze en Rijen,Municipality,""24,544"",""25,644"",""25,764"",""26,065"",""26,438"",Noord-BrabantÂ [North Brabant]"
"Goirle,Municipality,""22,389"",""22,319"",""22,807"",""23,014"",""23,906"",Noord-BrabantÂ [North Brabant]"
"Grave,Municipality,""12,635"",""12,717"",""13,031"",""12,840"",""12,437"",Noord-BrabantÂ [North Brabant]"
"Haaren,Municipality,""14,085"",""13,769"",""13,630"",""13,523"",""14,371"",Noord-BrabantÂ [North Brabant]"
"Halderberge,Municipality,""29,496"",""29,488"",""29,292"",""29,484"",""30,277"",Noord-BrabantÂ [North Brabant]"
"Heeze-Leende,Municipality,""15,284"",""15,133"",""15,295"",""15,477"",""16,150"",Noord-BrabantÂ [North Brabant]"
"Helmond,Municipality,""80,929"",""86,767"",""88,560"",""89,718"",""92,432"",Noord-BrabantÂ [North Brabant]"
"Heusden,Municipality,""42,934"",""42,942"",""43,119"",""43,132"",""44,699"",Noord-BrabantÂ [North Brabant]"
"Hilvarenbeek,Municipality,""14,804"",""15,107"",""15,035"",""15,042"",""15,514"",Noord-BrabantÂ [North Brabant]"
"Laarbeek,Municipality,""21,540"",""21,783"",""21,532"",""21,913"",""22,530"",Noord-BrabantÂ [North Brabant]"
"Landerd,Municipality,""14,366"",""14,796"",""14,941"",""15,290"",""15,730"",Noord-BrabantÂ [North Brabant]"
"Loon op Zand,Municipality,""22,911"",""22,885"",""22,973"",""22,960"",""23,407"",Noord-BrabantÂ [North Brabant]"
"MeierijstadÂ (incl. Veghel, Schijndel, Sint-Oedenrode),Municipality,""76,437"",""77,011"",""78,338"",""79,234"",""81,197"",Noord-BrabantÂ [North Brabant]"
"Mill en Sint Hubert,Municipality,""11,091"",""10,996"",""11,000"",""10,831"",""10,941"",Noord-BrabantÂ [North Brabant]"
"Moerdijk,Municipality,""36,451"",""36,724"",""36,547"",""36,816"",""37,136"",Noord-BrabantÂ [North Brabant]"
"Nuenen, Gerwen en Nederwetten,Municipality,""23,678"",""22,598"",""22,242"",""22,620"",""23,379"",Noord-BrabantÂ [North Brabant]"
"Oirschot,Municipality,""17,703"",""17,855"",""17,845"",""18,079"",""18,723"",Noord-BrabantÂ [North Brabant]"
"Oisterwijk,Municipality,""25,280"",""25,743"",""25,721"",""25,732"",""26,241"",Noord-BrabantÂ [North Brabant]"
"Oosterhout,Municipality,""52,743"",""53,785"",""54,072"",""53,793"",""55,990"",Noord-BrabantÂ [North Brabant]"
"Oss,Municipality,""87,096"",""88,354"",""89,105"",""89,799"",""91,932"",Noord-BrabantÂ [North Brabant]"
"Reusel-De Mierden,Municipality,""12,457"",""12,384"",""12,606"",""12,774"",""13,110"",Noord-BrabantÂ [North Brabant]"
"Roosendaal,Municipality,""76,769"",""77,277"",""77,541"",""76,874"",""77,226"",Noord-BrabantÂ [North Brabant]"
"Rucphen,Municipality,""22,586"",""22,473"",""22,430"",""22,233"",""22,873"",Noord-BrabantÂ [North Brabant]"
"'s-Hertogenbosch,Municipality,""136,910"",""142,835"",""147,136"",""150,889"",""155,113"",Noord-BrabantÂ [North Brabant]"
"Sint Anthonis,Municipality,""11,670"",""11,789"",""11,796"",""11,612"",""11,672"",Noord-BrabantÂ [North Brabant]"
"Sint-Michielsgestel,Municipality,""27,828"",""28,100"",""28,114"",""28,395"",""29,203"",Noord-BrabantÂ [North Brabant]"
"Someren,Municipality,""18,452"",""18,211"",""18,317"",""18,695"",""19,376"",Noord-BrabantÂ [North Brabant]"
"Son en Breugel,Municipality,""14,819"",""15,448"",""15,653"",""16,344"",""17,321"",Noord-BrabantÂ [North Brabant]"
"Steenbergen,Municipality,""23,354"",""23,211"",""23,273"",""23,638"",""24,501"",Noord-BrabantÂ [North Brabant]"
"Tilburg,Municipality,""195,767"",""202,091"",""206,240"",""211,648"",""219,800"",Noord-BrabantÂ [North Brabant]"
"Uden,Municipality,""39,922"",""40,126"",""40,721"",""41,089"",""42,122"",Noord-BrabantÂ [North Brabant]"
"Valkenswaard,Municipality,""31,008"",""30,867"",""30,622"",""30,234"",""31,200"",Noord-BrabantÂ [North Brabant]"
"Veldhoven,Municipality,""42,489"",""43,056"",""43,592"",""44,166"",""45,458"",Noord-BrabantÂ [North Brabant]"
"Vught,Municipality,""25,466"",""25,337"",""25,654"",""25,853"",""26,554"",Noord-BrabantÂ [North Brabant]"
"Waalre,Municipality,""16,266"",""16,695"",""16,482"",""16,874"",""17,454"",Noord-BrabantÂ [North Brabant]"
"Waalwijk,Municipality,""45,278"",""45,641"",""46,211"",""46,713"",""48,620"",Noord-BrabantÂ [North Brabant]"
"Woensdrecht,Municipality,""21,455"",""21,637"",""21,682"",""21,644"",""21,883"",Noord-BrabantÂ [North Brabant]"
"Zundert,Municipality,""20,271"",""20,947"",""21,163"",""21,363"",""21,821"",Noord-BrabantÂ [North Brabant]"
"Aalsmeer,Municipality,""22,662"",""26,386"",""30,189"",""31,077"",""31,857"",Noord-HollandÂ [North Holland]"
"Alkmaar,Municipality,""104,308"",""105,722"",""105,778"",""107,106"",""109,444"",Noord-HollandÂ [North Holland]"
"Amstelveen,Municipality,""77,351"",""78,980"",""81,796"",""87,162"",""91,691"",Noord-HollandÂ [North Holland]"
"Amsterdam,Municipality,""734,533"",""747,093"",""779,808"",""821,752"",""872,779"",Noord-HollandÂ [North Holland]"
"Beemster,Municipality,""8,451"",""8,474"",""8,573"",""8,903"",""10,025"",Noord-HollandÂ [North Holland]"
"Bergen (NH.),Municipality,""31,684"",""31,220"",""30,868"",""30,005"",""29,844"",Noord-HollandÂ [North Holland]"
"Beverwijk,Municipality,""35,937"",""37,347"",""39,329"",""40,182"",""41,613"",Noord-HollandÂ [North Holland]"
"Blaricum,Municipality,""9,376"",""9,036"",""8,959"",""9,312"",""11,536"",Noord-HollandÂ [North Holland]"
"Bloemendaal,Municipality,""22,057"",""21,967"",""22,039"",""22,256"",""23,570"",Noord-HollandÂ [North Holland]"
"Castricum,Municipality,""34,703"",""34,705"",""34,593"",""34,361"",""35,988"",Noord-HollandÂ [North Holland]"
"Den Helder,Municipality,""59,820"",""57,795"",""57,207"",""56,483"",""56,305"",Noord-HollandÂ [North Holland]"
"Diemen,Municipality,""23,835"",""24,046"",""25,012"",""26,666"",""30,781"",Noord-HollandÂ [North Holland]"
"Drechterland,Municipality,""17,875"",""18,818"",""19,335"",""19,294"",""19,717"",Noord-HollandÂ [North Holland]"
"Edam-Volendam,Municipality,""34,029"",""34,754"",""34,933"",""35,393"",""36,201"",Noord-HollandÂ [North Holland]"
"Enkhuizen,Municipality,""17,033"",""17,804"",""18,173"",""18,345"",""18,592"",Noord-HollandÂ [North Holland]"
"Gooise MerenÂ (incl. Bussum, Naarden),Municipality,""54,689"",""55,452"",""56,094"",""56,328"",""58,041"",Noord-HollandÂ [North Holland]"
"Haarlem,Municipality,""148,373"",""147,640"",""150,670"",""156,645"",""162,961"",Noord-HollandÂ [North Holland]"
"HaarlemmermeerÂ (incl. Haarlemmerliede, Spaarnwoude),Municipality,""119,121"",""146,077"",""148,806"",""149,726"",""156,039"",Noord-HollandÂ [North Holland]"
"Heemskerk,Municipality,""36,068"",""38,381"",""39,206"",""39,138"",""39,188"",Noord-HollandÂ [North Holland]"
"Heemstede,Municipality,""26,003"",""25,626"",""26,297"",""26,480"",""27,239"",Noord-HollandÂ [North Holland]"
"Heerhugowaard,Municipality,""45,551"",""50,390"",""51,985"",""53,554"",""57,592"",Noord-HollandÂ [North Holland]"
"Heiloo,Municipality,""21,897"",""22,024"",""22,580"",""22,553"",""23,974"",Noord-HollandÂ [North Holland]"
"Hilversum,Municipality,""82,769"",""83,815"",""84,984"",""87,161"",""90,883"",Noord-HollandÂ [North Holland]"
"Hollands Kroon,Municipality,""45,987"",""47,419"",""47,677"",""47,546"",""48,434"",Noord-HollandÂ [North Holland]"
"Hoorn,Municipality,""65,756"",""68,696"",""70,697"",""71,880"",""73,232"",Noord-HollandÂ [North Holland]"
"Huizen,Municipality,""42,098"",""41,880"",""41,726"",""41,315"",""41,273"",Noord-HollandÂ [North Holland]"
"Koggenland,Municipality,""20,022"",""21,495"",""22,082"",""22,426"",""22,752"",Noord-HollandÂ [North Holland]"
"Landsmeer,Municipality,""10,242"",""10,173"",""10,253"",""10,823"",""11,492"",Noord-HollandÂ [North Holland]"
"Langedijk,Municipality,""24,200"",""26,047"",""26,997"",""27,287"",""28,157"",Noord-HollandÂ [North Holland]"
"Laren (NH.),Municipality,""11,529"",""10,958"",""11,418"",""10,857"",""11,274"",Noord-HollandÂ [North Holland]"
"Medemblik,Municipality,""40,991"",""41,863"",""42,891"",""43,604"",""45,104"",Noord-HollandÂ [North Holland]"
"Oostzaan,Municipality,""8,908"",""9,205"",""9,114"",""9,187"",""9,733"",Noord-HollandÂ [North Holland]"
"Opmeer,Municipality,""11,041"",""11,244"",""11,420"",""11,301"",""11,837"",Noord-HollandÂ [North Holland]"
"Ouder-Amstel,Municipality,""12,987"",""13,046"",""13,146"",""13,289"",""14,029"",Noord-HollandÂ [North Holland]"
"Purmerend,Municipality,""72,142"",""78,434"",""79,193"",""79,611"",""81,233"",Noord-HollandÂ [North Holland]"
"Schagen,Municipality,""43,463"",""46,508"",""46,427"",""46,137"",""46,482"",Noord-HollandÂ [North Holland]"
"Stede Broec,Municipality,""21,081"",""21,372"",""21,402"",""21,498"",""21,734"",Noord-HollandÂ [North Holland]"
"Texel,Municipality,""13,534"",""13,547"",""13,728"",""13,581"",""13,573"",Noord-HollandÂ [North Holland]"
"Uitgeest,Municipality,""11,669"",""12,205"",""12,819"",""13,291"",""13,649"",Noord-HollandÂ [North Holland]"
"Uithoorn,Municipality,""26,236"",""27,501"",""28,114"",""28,731"",""29,466"",Noord-HollandÂ [North Holland]"
"Velsen,Municipality,""66,973"",""67,556"",""67,347"",""67,166"",""68,660"",Noord-HollandÂ [North Holland]"
"Waterland,Municipality,""17,224"",""17,026"",""17,140"",""17,143"",""17,422"",Noord-HollandÂ [North Holland]"
"Weesp,Municipality,""18,091"",""17,575"",""17,987"",""18,348"",""19,729"",Noord-HollandÂ [North Holland]"
"Wijdemeren,Municipality,""23,057"",""23,432"",""23,312"",""23,176"",""24,360"",Noord-HollandÂ [North Holland]"
"Wormerland,Municipality,""15,383"",""15,901"",""15,801"",""15,740"",""16,299"",Noord-HollandÂ [North Holland]"
"Zaanstad,Municipality,""136,102"",""142,863"",""146,940"",""151,418"",""156,711"",Noord-HollandÂ [North Holland]"
"Overijssel,Province,""1,086,063"",""1,119,994"",""1,134,465"",""1,140,652"",""1,162,500"",Zandvoort"
"Almelo,Municipality,""70,378"",""72,287"",""72,599"",""72,291"",""73,080"",Zandvoort"
"Borne,Municipality,""20,717"",""20,764"",""21,557"",""21,992"",""23,313"",Zandvoort"
"Dalfsen,Municipality,""25,830"",""26,735"",""27,313"",""27,677"",""28,585"",Zandvoort"
"Deventer,Municipality,""90,232"",""97,342"",""98,737"",""98,540"",""100,718"",Zandvoort"
"Dinkelland,Municipality,""25,973"",""26,116"",""26,067"",""25,928"",""26,470"",Zandvoort"
"Enschede,Municipality,""150,447"",""154,753"",""157,838"",""158,553"",""159,734"",Zandvoort"
"Haaksbergen,Municipality,""24,129"",""24,378"",""24,448"",""24,307"",""24,309"",Zandvoort"
"Hardenberg,Municipality,""57,219"",""58,207"",""59,283"",""59,577"",""60,940"",Zandvoort"
"Hellendoorn,Municipality,""35,789"",""36,059"",""35,747"",""35,622"",""35,923"",Zandvoort"
"Hengelo (O.),Municipality,""80,409"",""81,088"",""80,747"",""81,059"",""81,147"",Zandvoort"
"Hof van Twente,Municipality,""34,847"",""35,181"",""35,573"",""34,917"",""35,013"",Zandvoort"
"Kampen,Municipality,""47,936"",""49,385"",""50,403"",""51,432"",""54,340"",Zandvoort"
"Losser,Municipality,""22,756"",""22,492"",""22,664"",""22,467"",""22,685"",Zandvoort"
"Oldenzaal,Municipality,""31,110"",""31,584"",""32,176"",""32,120"",""31,832"",Zandvoort"
"Olst-Wijhe,Municipality,""17,022"",""17,334"",""17,502"",""17,839"",""18,251"",Zandvoort"
"Ommen,Municipality,""16,771"",""17,419"",""17,329"",""17,341"",""18,007"",Zandvoort"
"Raalte,Municipality,""36,402"",""37,030"",""36,688"",""36,603"",""37,709"",Zandvoort"
"Rijssen-Holten,Municipality,""35,399"",""36,667"",""37,433"",""37,830"",""38,178"",Zandvoort"
"Staphorst,Municipality,""15,328"",""15,973"",""16,179"",""16,421"",""17,144"",Zandvoort"
"Steenwijkerland,Municipality,""41,171"",""43,282"",""43,281"",""43,219"",""44,139"",Zandvoort"
"Tubbergen,Municipality,""20,021"",""20,797"",""21,171"",""21,142"",""21,279"",Zandvoort"
"Twenterand,Municipality,""33,322"",""33,461"",""33,727"",""33,874"",""33,743"",Zandvoort"
"Wierden,Municipality,""23,414"",""23,365"",""23,630"",""23,874"",""24,440"",Zandvoort"
"Zwartewaterland,Municipality,""22,079"",""21,930"",""22,018"",""22,166"",""22,690"",Zandvoort"
"Zwolle,Municipality,""107,362"",""116,365"",""120,355"",""123,861"",""128,831"",Zandvoort"
"Amersfoort,Municipality,""128,023"",""141,211"",""146,592"",""152,481"",""157,279"",Utrecht"
"Baarn,Municipality,""24,526"",""24,406"",""24,379"",""24,406"",""24,873"",Utrecht"
"Bunnik,Municipality,""13,768"",""14,258"",""14,437"",""14,662"",""15,191"",Utrecht"
"Bunschoten,Municipality,""19,259"",""19,611"",""20,111"",""20,647"",""21,867"",Utrecht"
"De Bilt,Municipality,""42,050"",""41,998"",""42,049"",""42,169"",""43,124"",Utrecht"
"De Ronde Venen,Municipality,""42,712"",""43,257"",""43,004"",""42,588"",""44,457"",Utrecht"
"Eemnes,Municipality,""8,660"",""8,964"",""8,845"",""8,807"",""9,247"",Utrecht"
"Houten,Municipality,""35,976"",""46,475"",""47,935"",""48,637"",""50,146"",Utrecht"
"IJsselstein,Municipality,""30,922"",""34,059"",""34,348"",""34,061"",""34,110"",Utrecht"
"Leusden,Municipality,""28,833"",""28,540"",""28,609"",""29,062"",""30,399"",Utrecht"
"Lopik,Municipality,""13,513"",""14,047"",""14,121"",""14,099"",""14,471"",Utrecht"
"Montfoort,Municipality,""13,283"",""13,493"",""13,500"",""13,672"",""13,920"",Utrecht"
"Nieuwegein,Municipality,""62,343"",""61,087"",""60,947"",""61,264"",""63,461"",Utrecht"
"Oudewater,Municipality,""9,740"",""9,917"",""9,815"",""9,924"",""10,226"",Utrecht"
"Renswoude,Municipality,""4,055"",""4,482"",""4,752"",""4,976"",""5,448"",Utrecht"
"Rhenen,Municipality,""17,344"",""18,779"",""18,951"",""19,308"",""20,125"",Utrecht"
"Soest,Municipality,""44,621"",""45,560"",""45,611"",""45,454"",""46,607"",Utrecht"
"Stichtse Vecht,Municipality,""62,942"",""62,315"",""63,050"",""63,943"",""64,928"",Utrecht"
"Utrecht,Municipality,""256,393"",""294,737"",""311,367"",""334,176"",""357,694"",Utrecht"
"Utrechtse Heuvelrug,Municipality,""48,887"",""48,979"",""48,726"",""48,183"",""49,601"",Utrecht"
"Veenendaal,Municipality,""60,391"",""61,769"",""62,267"",""63,440"",""66,491"",Utrecht"
"VijfheerenlandenÂ (incl. Leerdam, Vianen, Zederik),Municipality,""53,747"",""53,650"",""53,717"",""53,917"",""56,816"",Utrecht"
"Wijk bij Duurstede,Municipality,""23,154"",""23,306"",""23,115"",""23,222"",""23,910"",Utrecht"
"Woerden,Municipality,""46,910"",""48,383"",""49,748"",""50,631"",""52,294"",Utrecht"
"Woudenberg,Municipality,""11,025"",""11,592"",""12,008"",""12,487"",""13,362"",Utrecht"
"Zeist,Municipality,""59,836"",""60,488"",""60,824"",""61,641"",""64,932"",Utrecht"
"Borsele,Municipality,""22,007"",""22,531"",""22,707"",""22,568"",""22,738"",ZeelandÂ [Zealand]"
"Goes,Municipality,""35,953"",""36,706"",""36,665"",""37,153"",""38,080"",ZeelandÂ [Zealand]"
"Hulst,Municipality,""27,662"",""27,944"",""27,719"",""27,360"",""27,556"",ZeelandÂ [Zealand]"
"Kapelle,Municipality,""11,442"",""12,047"",""12,365"",""12,545"",""12,691"",ZeelandÂ [Zealand]"
"Middelburg (Z.),Municipality,""45,426"",""47,325"",""48,030"",""47,613"",""48,810"",ZeelandÂ [Zealand]"
"Noord-Beveland,Municipality,""6,971"",""7,289"",""7,474"",""7,433"",""7,395"",ZeelandÂ [Zealand]"
"Reimerswaal,Municipality,""20,726"",""21,296"",""21,614"",""22,058"",""22,728"",ZeelandÂ [Zealand]"
"Schouwen-Duiveland,Municipality,""34,193"",""33,994"",""34,203"",""33,821"",""33,858"",ZeelandÂ [Zealand]"
"Sluis,Municipality,""24,594"",""24,238"",""23,979"",""23,747"",""23,217"",ZeelandÂ [Zealand]"
"Terneuzen,Municipality,""55,370"",""55,155"",""54,823"",""54,577"",""54,438"",ZeelandÂ [Zealand]"
"Tholen,Municipality,""23,763"",""25,264"",""25,489"",""25,440"",""25,758"",ZeelandÂ [Zealand]"
"Veere,Municipality,""22,031"",""21,998"",""21,926"",""21,926"",""21,885"",ZeelandÂ [Zealand]"
"Vlissingen,Municipality,""44,774"",""44,798"",""44,536"",""44,485"",""44,365"",ZeelandÂ [Zealand]"
"Alblasserdam,Municipality,""18,409"",""18,718"",""19,208"",""19,845"",""20,165"",Zuid-HollandÂ [South Holland]"
"Albrandswaard,Municipality,""17,719"",""22,453"",""24,674"",""25,148"",""25,589"",Zuid-HollandÂ [South Holland]"
"Alphen aan den Rijn,Municipality,""104,460"",""105,579"",""106,190"",""107,396"",""111,889"",Zuid-HollandÂ [South Holland]"
"Barendrecht,Municipality,""30,972"",""44,962"",""46,831"",""47,521"",""48,713"",Zuid-HollandÂ [South Holland]"
"Bodegraven-Reeuwijk,Municipality,""32,488"",""32,226"",""32,728"",""33,208"",""34,869"",Zuid-HollandÂ [South Holland]"
"Brielle,Municipality,""15,964"",""15,762"",""15,978"",""16,467"",""17,282"",Zuid-HollandÂ [South Holland]"
"Capelle aan den IJssel,Municipality,""65,016"",""65,022"",""66,104"",""66,478"",""67,151"",Zuid-HollandÂ [South Holland]"
"Delft,Municipality,""96,152"",""96,168"",""97,690"",""101,030"",""103,659"",Zuid-HollandÂ [South Holland]"
"Dordrecht,Municipality,""120,019"",""118,182"",""118,810"",""118,899"",""119,300"",Zuid-HollandÂ [South Holland]"
"Goeree-Overflakkee,Municipality,""46,646"",""47,780"",""48,273"",""48,206"",""50,049"",Zuid-HollandÂ [South Holland]"
"Gorinchem,Municipality,""33,994"",""34,472"",""34,895"",""35,338"",""37,009"",Zuid-HollandÂ [South Holland]"
"Gouda,Municipality,""71,782"",""70,857"",""71,047"",""71,105"",""73,443"",Zuid-HollandÂ [South Holland]"
"Hardinxveld-Giessendam,Municipality,""17,811"",""17,604"",""17,535"",""17,802"",""18,295"",Zuid-HollandÂ [South Holland]"
"Hellevoetsluis,Municipality,""38,860"",""39,620"",""39,739"",""38,882"",""40,158"",Zuid-HollandÂ [South Holland]"
"Hendrik-Ido-Ambacht,Municipality,""21,178"",""24,854"",""27,616"",""29,156"",""31,204"",Zuid-HollandÂ [South Holland]"
"Hillegom,Municipality,""20,855"",""20,348"",""20,627"",""21,101"",""22,208"",Zuid-HollandÂ [South Holland]"
"Hoeksche WaardÂ (incl. Binnenmaas, Oud-Beijerland),Municipality,""83,292"",""85,463"",""85,008"",""84,636"",""87,461"",Zuid-HollandÂ [South Holland]"
"Kaag en BraassemÂ (incl. Alkemade, Jacobswoude),Municipality,""25,075"",""25,252"",""25,744"",""25,844"",""27,300"",Zuid-HollandÂ [South Holland]"
"Katwijk,Municipality,""59,569"",""61,180"",""62,044"",""63,633"",""65,754"",Zuid-HollandÂ [South Holland]"
"Krimpen aan den IJssel,Municipality,""28,696"",""28,807"",""28,626"",""28,970"",""29,533"",Zuid-HollandÂ [South Holland]"
"Krimpenerwaard,Municipality,""53,862"",""53,966"",""53,664"",""54,208"",""56,319"",Zuid-HollandÂ [South Holland]"
"Lansingerland,Municipality,""40,441"",""49,411"",""54,090"",""58,133"",""62,396"",Zuid-HollandÂ [South Holland]"
"Leiden,Municipality,""117,010"",""116,878"",""117,915"",""121,562"",""125,174"",Zuid-HollandÂ [South Holland]"
"Leiderdorp,Municipality,""26,174"",""26,376"",""26,609"",""26,853"",""27,059"",Zuid-HollandÂ [South Holland]"
"Leidschendam-Voorburg,Municipality,...,""72,862"",""72,068"",""73,979"",""76,553"",Zuid-HollandÂ [South Holland]"
"Lisse,Municipality,""21,999"",""22,131"",""22,685"",""22,539"",""22,957"",Zuid-HollandÂ [South Holland]"
"Maassluis,Municipality,""32,967"",""31,394"",""31,910"",""32,201"",""33,216"",Zuid-HollandÂ [South Holland]"
"Midden-Delfland,Municipality,""17,907"",""17,451"",""18,154"",""18,709"",""19,344"",Zuid-HollandÂ [South Holland]"
"MolenlandenÂ (incl. Molenwaard, Giessenlanden),Municipality,""42,713"",""43,492"",""43,521"",""43,457"",""43,931"",Zuid-HollandÂ [South Holland]"
"Nieuwkoop,Municipality,""26,890"",""26,777"",""26,988"",""27,114"",""28,809"",Zuid-HollandÂ [South Holland]"
"NissewaardÂ (incl. Spijkenisse, Bernisse),Municipality,""86,583"",""85,647"",""84,648"",""85,121"",""85,237"",Zuid-HollandÂ [South Holland]"
"NoordwijkÂ (incl. Noordwijkerhout),Municipality,""40,018"",""40,305"",""41,039"",""41,667"",""43,528"",Zuid-HollandÂ [South Holland]"
"Oegstgeest,Municipality,""21,110"",""22,367"",""22,767"",""22,997"",""24,843"",Zuid-HollandÂ [South Holland]"
"Papendrecht,Municipality,""30,088"",""31,573"",""31,883"",""32,188"",""32,133"",Zuid-HollandÂ [South Holland]"
"Pijnacker-Nootdorp,Municipality,""35,956"",""43,762"",""49,286"",""51,203"",""55,329"",Zuid-HollandÂ [South Holland]"
"Ridderkerk,Municipality,""46,537"",""44,689"",""44,889"",""45,149"",""46,204"",Zuid-HollandÂ [South Holland]"
"Rijswijk (ZH.),Municipality,""53,159"",""46,833"",""46,671"",""48,216"",""54,432"",Zuid-HollandÂ [South Holland]"
"Rotterdam,Municipality,""608,422"",""595,504"",""610,386"",""623,652"",""651,376"",Zuid-HollandÂ [South Holland]"
"Schiedam,Municipality,""76,096"",""74,947"",""75,718"",""76,869"",""78,739"",Zuid-HollandÂ [South Holland]"
"'s-GravenhageÂ (Den Haag) [The Hague],Municipality,...,""475,681"",""495,083"",""514,861"",""545,163"",Zuid-HollandÂ [South Holland]"
"Sliedrecht,Municipality,""23,663"",""23,765"",""24,061"",""24,758"",""25,217"",Zuid-HollandÂ [South Holland]"
"Teylingen,Municipality,""33,943"",""35,308"",""35,812"",""35,646"",""37,426"",Zuid-HollandÂ [South Holland]"
"Vlaardingen,Municipality,""73,666"",""70,860"",""71,269"",""71,645"",""73,445"",Zuid-HollandÂ [South Holland]"
"Voorschoten,Municipality,""22,620"",""22,861"",""23,865"",""25,150"",""25,603"",Zuid-HollandÂ [South Holland]"
"Waddinxveen,Municipality,""26,841"",""25,638"",""25,337"",""25,657"",""29,293"",Zuid-HollandÂ [South Holland]"
"Wassenaar,Municipality,""26,019"",""25,763"",""25,830"",""25,731"",""26,214"",Zuid-HollandÂ [South Holland]"
"Westland,Municipality,""95,084"",""99,299"",""99,776"",""104,302"",""110,357"",Zuid-HollandÂ [South Holland]"
"Westvoorne,Municipality,""13,899"",""14,084"",""13,992"",""14,083"",""14,728"",Zuid-HollandÂ [South Holland]"
"Zoetermeer,Municipality,""110,114"",""119,504"",""121,911"",""124,025"",""125,283"",Zuid-HollandÂ [South Holland]"
"Zoeterwoude,Municipality,""8,683"",""8,303"",""8,130"",""8,114"",""8,611"",Zuid-HollandÂ [South Holland]"
"Zuidplas,Municipality,""39,562"",""40,210"",""40,521"",""40,771"",""43,894"",Zuid-HollandÂ [South Holland]"
"Zwijndrecht,Municipality,""44,946"",""44,472"",""44,445"",""44,501"",""44,741"",Zuid-HollandÂ [South Holland]"
"Nederland [Netherlands],Country,""15,985,538"",""16,405,399"",""16,655,799"",""16,900,726"",""17,408,573"","
